223:2509	FRAME	Document / JP ver. / 02-Event View
I223:2511;4:51	FRAME	Document / JP ver. / 02-Event View / iPhone X/Status Bars/Status Bar (Black) / Time Style
I223:2529;219:3106	FRAME	Document / JP ver. / 02-Event View / Mask group / Group 62 / button/dissable
225:2349	FRAME	Document / JP ver. / 02-Event View / Group 65 / Group 58 / 地図マーカーのアイコン素材1 1
225:2373	FRAME	Document / JP ver. / 02-Event View / Group 64 / 地図マーカーのアイコン素材1 1
227:2400	FRAME	Document / JP ver. / 02-Event View / Group 64 / がま口財布のフリーアイコン 1
227:2409	FRAME	Document / JP ver. / 02-Event View / Group 66 / Group 65
227:2454	FRAME	Document / JP ver. / 02-Event View / Group 69 / Group 65
I296:2047;225:2352;219:3106	FRAME	Document / JP ver. / 02-Event View / Group 63/バリアント2 / Group 64 / button/dissable
I296:2047;224:2441	FRAME	Document / JP ver. / 02-Event View / Group 63/バリアント2 / Group 61 / Depth 4, Frame 0
I296:2047;224:2442	FRAME	Document / JP ver. / 02-Event View / Group 63/バリアント2 / Group 61 / Depth 4, Frame 0 / Depth 5, Frame 0
I296:2047;224:2444	FRAME	Document / JP ver. / 02-Event View / Group 63/バリアント2 / Group 61 / Depth 4, Frame 0 / Depth 5, Frame 0 / Depth 6, Frame 0
I296:2047;280:1933	FRAME	Document / JP ver. / 02-Event View / Group 63/バリアント2 / ホームのベクター素材 1
298:2070	FRAME	Document / JP ver. / 11-Event View
I298:2072;4:51	FRAME	Document / JP ver. / 11-Event View / iPhone X/Status Bars/Status Bar (Black) / Time Style
I298:2090;219:3106	FRAME	Document / JP ver. / 11-Event View / Mask group / Group 62 / button/dissable
I298:2093;225:2349	FRAME	Document / JP ver. / 11-Event View / Group 65 / Group 58 / 地図マーカーのアイコン素材1 1
I298:2097;225:2373	FRAME	Document / JP ver. / 11-Event View / Group 64 / 地図マーカーのアイコン素材1 1
I298:2097;227:2400	FRAME	Document / JP ver. / 11-Event View / Group 64 / がま口財布のフリーアイコン 1
I298:2098;227:2409	FRAME	Document / JP ver. / 11-Event View / Group 66 / Group 65
I298:2099;227:2454	FRAME	Document / JP ver. / 11-Event View / Group 69 / Group 65
I298:2485;225:2352;219:3106	FRAME	Document / JP ver. / 11-Event View / Group 63/バリアント2 / Group 64 / button/dissable
I298:2485;224:2441	FRAME	Document / JP ver. / 11-Event View / Group 63/バリアント2 / Group 61 / Depth 4, Frame 0
I298:2485;224:2442	FRAME	Document / JP ver. / 11-Event View / Group 63/バリアント2 / Group 61 / Depth 4, Frame 0 / Depth 5, Frame 0
I298:2485;224:2444	FRAME	Document / JP ver. / 11-Event View / Group 63/バリアント2 / Group 61 / Depth 4, Frame 0 / Depth 5, Frame 0 / Depth 6, Frame 0
I298:2485;280:1933	FRAME	Document / JP ver. / 11-Event View / Group 63/バリアント2 / ホームのベクター素材 1
228:2526	FRAME	Document / JP ver. / 03-Event View
I228:2528;4:51	FRAME	Document / JP ver. / 03-Event View / iPhone X/Status Bars/Status Bar (Black) / Time Style
I228:2547;219:3106	FRAME	Document / JP ver. / 03-Event View / Mask group / Group 62 / button/dissable
I228:2550;225:2349	FRAME	Document / JP ver. / 03-Event View / Group 65 / Group 58 / 地図マーカーのアイコン素材1 1
I228:2554;225:2373	FRAME	Document / JP ver. / 03-Event View / Group 64 / 地図マーカーのアイコン素材1 1
I228:2554;227:2400	FRAME	Document / JP ver. / 03-Event View / Group 64 / がま口財布のフリーアイコン 1
I228:2555;227:2409	FRAME	Document / JP ver. / 03-Event View / Group 66 / Group 65
I228:2556;227:2454	FRAME	Document / JP ver. / 03-Event View / Group 69 / Group 65
I298:2309;225:2352;219:3106	FRAME	Document / JP ver. / 03-Event View / Group 63/バリアント2 / Group 64 / button/dissable
I298:2309;224:2441	FRAME	Document / JP ver. / 03-Event View / Group 63/バリアント2 / Group 61 / Depth 4, Frame 0
I298:2309;224:2442	FRAME	Document / JP ver. / 03-Event View / Group 63/バリアント2 / Group 61 / Depth 4, Frame 0 / Depth 5, Frame 0
I298:2309;224:2444	FRAME	Document / JP ver. / 03-Event View / Group 63/バリアント2 / Group 61 / Depth 4, Frame 0 / Depth 5, Frame 0 / Depth 6, Frame 0
I298:2309;280:1933	FRAME	Document / JP ver. / 03-Event View / Group 63/バリアント2 / ホームのベクター素材 1
228:2974	FRAME	Document / JP ver. / 05-Event View
I228:2976;4:51	FRAME	Document / JP ver. / 05-Event View / iPhone X/Status Bars/Status Bar (Black) / Time Style
I228:3127;4:51	FRAME	Document / JP ver. / 05-Event View / iPhone X/Status Bars/Status Bar (Black) / Time Style
250:2868	FRAME	Document / JP ver. / 05-Event View / Group 72
I250:2869;225:2349	FRAME	Document / JP ver. / 05-Event View / Group 72 / Group 73 / Group 58 / 地図マーカーのアイコン素材1 1
250:2903	FRAME	Document / JP ver. / 05-Event View / Group 72
I250:2905;225:2349	FRAME	Document / JP ver. / 05-Event View / Group 72 / Group 73 / Group 58 / 地図マーカーのアイコン素材1 1
250:2914	FRAME	Document / JP ver. / 05-Event View / Group 72
I250:2916;225:2349	FRAME	Document / JP ver. / 05-Event View / Group 72 / Group 73 / Group 58 / 地図マーカーのアイコン素材1 1
I298:2353;225:2352;219:3106	FRAME	Document / JP ver. / 05-Event View / Group 63/バリアント2 / Group 64 / button/dissable
I298:2353;224:2441	FRAME	Document / JP ver. / 05-Event View / Group 63/バリアント2 / Group 61 / Depth 4, Frame 0
I298:2353;224:2442	FRAME	Document / JP ver. / 05-Event View / Group 63/バリアント2 / Group 61 / Depth 4, Frame 0 / Depth 5, Frame 0
I298:2353;224:2444	FRAME	Document / JP ver. / 05-Event View / Group 63/バリアント2 / Group 61 / Depth 4, Frame 0 / Depth 5, Frame 0 / Depth 6, Frame 0
I298:2353;280:1933	FRAME	Document / JP ver. / 05-Event View / Group 63/バリアント2 / ホームのベクター素材 1
312:2227	FRAME	Document / JP ver. / 05-Event View
I312:2229;4:51	FRAME	Document / JP ver. / 05-Event View / iPhone X/Status Bars/Status Bar (Black) / Time Style
312:2343	FRAME	Document / JP ver. / 05-Event View / Group 77 / Depth 3, Frame 16
312:2344	FRAME	Document / JP ver. / 05-Event View / Group 77 / Depth 3, Frame 16 / Depth 4, Frame 0
312:2347	FRAME	Document / JP ver. / 05-Event View / Group 78 / Depth 3, Frame 16
312:2348	FRAME	Document / JP ver. / 05-Event View / Group 78 / Depth 3, Frame 16 / Depth 4, Frame 0
312:2350	FRAME	Document / JP ver. / 05-Event View / Depth 3, Frame 17
312:2351	FRAME	Document / JP ver. / 05-Event View / Depth 3, Frame 17 / Depth 4, Frame 0
312:2353	FRAME	Document / JP ver. / 05-Event View / Depth 3, Frame 18
312:2354	FRAME	Document / JP ver. / 05-Event View / Depth 3, Frame 18 / Depth 4, Frame 0
I312:2239;4:51	FRAME	Document / JP ver. / 05-Event View / iPhone X/Status Bars/Status Bar (Black) / Time Style
I312:2257;225:2352;219:3106	FRAME	Document / JP ver. / 05-Event View / Group 63/バリアント2 / Group 64 / button/dissable
I312:2257;224:2441	FRAME	Document / JP ver. / 05-Event View / Group 63/バリアント2 / Group 61 / Depth 4, Frame 0
I312:2257;224:2442	FRAME	Document / JP ver. / 05-Event View / Group 63/バリアント2 / Group 61 / Depth 4, Frame 0 / Depth 5, Frame 0
I312:2257;224:2444	FRAME	Document / JP ver. / 05-Event View / Group 63/バリアント2 / Group 61 / Depth 4, Frame 0 / Depth 5, Frame 0 / Depth 6, Frame 0
I312:2257;280:1933	FRAME	Document / JP ver. / 05-Event View / Group 63/バリアント2 / ホームのベクター素材 1
296:2082	FRAME	Document / JP ver. / 05-Event View
I296:2084;4:51	FRAME	Document / JP ver. / 05-Event View / iPhone X/Status Bars/Status Bar (Black) / Time Style
I296:2109;4:51	FRAME	Document / JP ver. / 05-Event View / iPhone X/Status Bars/Status Bar (Black) / Time Style
298:1963	FRAME	Document / JP ver. / 05-Event View / loading/not full / 豆電球のアイコン素材 3 1
I298:2375;225:2352;219:3106	FRAME	Document / JP ver. / 05-Event View / Group 63/バリアント2 / Group 64 / button/dissable
I298:2375;224:2441	FRAME	Document / JP ver. / 05-Event View / Group 63/バリアント2 / Group 61 / Depth 4, Frame 0
I298:2375;224:2442	FRAME	Document / JP ver. / 05-Event View / Group 63/バリアント2 / Group 61 / Depth 4, Frame 0 / Depth 5, Frame 0
I298:2375;224:2444	FRAME	Document / JP ver. / 05-Event View / Group 63/バリアント2 / Group 61 / Depth 4, Frame 0 / Depth 5, Frame 0 / Depth 6, Frame 0
I298:2375;280:1933	FRAME	Document / JP ver. / 05-Event View / Group 63/バリアント2 / ホームのベクター素材 1
298:1974	FRAME	Document / JP ver. / 09-Event View
I298:1976;4:51	FRAME	Document / JP ver. / 09-Event View / iPhone X/Status Bars/Status Bar (Black) / Time Style
I298:2000;4:51	FRAME	Document / JP ver. / 09-Event View / iPhone X/Status Bars/Status Bar (Black) / Time Style
I298:2002;298:1963	FRAME	Document / JP ver. / 09-Event View / loading/not full / 豆電球のアイコン素材 3 1
I298:2441;225:2352;219:3106	FRAME	Document / JP ver. / 09-Event View / Group 63/バリアント2 / Group 64 / button/dissable
